iteration,mean_reward,mean_final_param_err,critic_loss,actor_loss,alpha
10,11.063433647155762,0.24321068823337555,nan,nan,1.0
20,10.400125503540039,0.25208282470703125,nan,nan,1.0
30,17.4345703125,0.14304476976394653,12.927877426147461,-5.526958465576172,0.909854531288147
40,22.918107986450195,0.11412961781024933,9.322952270507812,-11.293991088867188,0.7567060589790344
50,24.76866340637207,0.10508453845977783,13.466218948364258,-17.077661514282227,0.6278883218765259
60,24.771560668945312,0.09623514115810394,27.7801513671875,-22.10840606689453,0.5213472843170166
70,26.220470428466797,0.0785306990146637,14.926788330078125,-23.850231170654297,0.43320369720458984
80,25.954374313354492,0.10692529380321503,15.883456230163574,-25.080745697021484,0.36015090346336365
90,25.679073333740234,0.11312291771173477,11.291568756103516,-23.806550979614258,0.30004605650901794
100,26.35719871520996,0.1031324714422226,6.05403995513916,-23.10247230529785,0.25054898858070374
110,26.942096710205078,0.08262065052986145,1.6221226453781128,-21.21103858947754,0.21018579602241516
120,27.868968963623047,0.08283263444900513,2.9426822662353516,-18.295833587646484,0.17692090570926666
130,27.684799194335938,0.091688372194767,1.587424397468567,-17.495105743408203,0.149403378367424
140,28.33697509765625,0.08357203751802444,1.5332324504852295,-16.043811798095703,0.1263844519853592
150,28.632858276367188,0.07360103726387024,1.6073646545410156,-15.58166217803955,0.10714589804410934
160,28.760906219482422,0.0737019032239914,1.743981957435608,-15.080896377563477,0.09101209789514542
170,28.72869110107422,0.08354802429676056,1.710637092590332,-14.733284950256348,0.07726800441741943
180,29.079204559326172,0.08187755942344666,1.3131787776947021,-15.437583923339844,0.06565576791763306
190,29.31414794921875,0.08165869861841202,1.6318819522857666,-15.21535873413086,0.05600711703300476
200,29.113021850585938,0.07972171902656555,1.1008086204528809,-15.287445068359375,0.05000000074505806
210,29.10346031188965,0.09272772073745728,1.1386926174163818,-15.574419021606445,0.05000000074505806
220,29.399723052978516,0.08355109393596649,1.5786139965057373,-16.181659698486328,0.05000000074505806
230,29.31359100341797,0.08195321261882782,1.4245014190673828,-15.028552055358887,0.05000000074505806
240,28.899524688720703,0.09714311361312866,1.4488739967346191,-14.904727935791016,0.05000000074505806
250,29.030380249023438,0.08346685767173767,1.7102532386779785,-14.935147285461426,0.05000000074505806
260,29.570846557617188,0.07668455690145493,1.1773979663848877,-15.69748592376709,0.05000000074505806
270,29.273426055908203,0.08046504855155945,2.219651699066162,-15.195817947387695,0.05000000074505806
280,29.077030181884766,0.09066995978355408,1.5419065952301025,-16.024311065673828,0.05000000074505806
290,29.014047622680664,0.07963211834430695,1.5872912406921387,-15.621309280395508,0.05000000074505806
300,28.68515396118164,0.08179152756929398,0.8428524732589722,-15.113208770751953,0.05000000074505806
310,29.267074584960938,0.07782945036888123,1.233091950416565,-15.304595947265625,0.05000000074505806
320,29.332698822021484,0.07331548631191254,1.1998419761657715,-15.622957229614258,0.05000000074505806
330,29.259204864501953,0.0753079354763031,0.5833349227905273,-15.36037826538086,0.05000000074505806
340,29.082435607910156,0.0789392739534378,1.6291111707687378,-15.622258186340332,0.05000000074505806
350,29.148164749145508,0.09145567566156387,1.3299362659454346,-15.28817081451416,0.05000000074505806
360,29.11863136291504,0.07660757750272751,0.9864400029182434,-15.42946720123291,0.05000000074505806
370,29.486713409423828,0.07777387648820877,1.134615421295166,-15.16490364074707,0.05000000074505806
380,29.34378433227539,0.07741409540176392,0.9493904709815979,-15.296430587768555,0.05000000074505806
390,29.665019989013672,0.07108719646930695,1.2703179121017456,-15.241228103637695,0.05000000074505806
400,29.08222198486328,0.08379759639501572,1.127255916595459,-15.193319320678711,0.05000000074505806
410,29.048824310302734,0.07980959117412567,0.6536656618118286,-14.56580924987793,0.05000000074505806
420,29.496017456054688,0.0763661116361618,0.7799617648124695,-15.333431243896484,0.05000000074505806
430,28.933887481689453,0.08641265332698822,0.980863630771637,-15.068401336669922,0.05000000074505806
440,29.142353057861328,0.08544695377349854,1.2115428447723389,-14.446077346801758,0.05000000074505806
450,29.63335609436035,0.08224673569202423,0.6764190793037415,-15.176643371582031,0.05000000074505806
460,29.20685577392578,0.07740002870559692,1.3743475675582886,-14.611533164978027,0.05000000074505806
470,29.664127349853516,0.07106474041938782,3.7458887100219727,-14.62733268737793,0.05000000074505806
480,29.624164581298828,0.07615002244710922,1.785923957824707,-14.348496437072754,0.05000000074505806
490,29.443073272705078,0.07242824137210846,1.5567407608032227,-14.862092971801758,0.05000000074505806
500,29.748023986816406,0.07427570223808289,2.3324480056762695,-14.377198219299316,0.05000000074505806
510,29.154800415039062,0.08614172041416168,1.016876459121704,-14.833844184875488,0.05000000074505806
520,29.326261520385742,0.07411256432533264,1.157768964767456,-15.101213455200195,0.05000000074505806
530,28.995742797851562,0.08241596072912216,0.9614887833595276,-14.76777172088623,0.05000000074505806
540,29.01786231994629,0.08093483746051788,0.7658159732818604,-14.907866477966309,0.05000000074505806
550,29.09033966064453,0.07241763174533844,0.9246742725372314,-15.662911415100098,0.05000000074505806
560,29.249359130859375,0.07674369215965271,1.046715497970581,-15.070717811584473,0.05000000074505806
570,28.97627830505371,0.08910344541072845,2.9715609550476074,-14.839842796325684,0.05000000074505806
580,28.913719177246094,0.09342293441295624,1.2759499549865723,-15.066927909851074,0.05000000074505806
590,29.573959350585938,0.07919624447822571,1.6962928771972656,-15.211297988891602,0.05000000074505806
600,29.470558166503906,0.08096957206726074,0.9536683559417725,-15.964651107788086,0.05000000074505806
610,29.446857452392578,0.08292662352323532,2.6744844913482666,-15.653264999389648,0.05000000074505806
620,29.420635223388672,0.0787133127450943,2.773373603820801,-15.334946632385254,0.05000000074505806
630,28.996929168701172,0.08012104034423828,1.134467601776123,-15.24993896484375,0.05000000074505806
640,29.12093734741211,0.09071130305528641,2.452554225921631,-15.161673545837402,0.05000000074505806
650,29.14997100830078,0.08064773678779602,2.3697450160980225,-15.741617202758789,0.05000000074505806
660,29.38051986694336,0.07803286612033844,3.2024648189544678,-16.061420440673828,0.05000000074505806
670,29.47446632385254,0.08339521288871765,1.4459539651870728,-15.921096801757812,0.05000000074505806
680,29.11924934387207,0.08012446761131287,1.8574309349060059,-16.126522064208984,0.05000000074505806
690,29.23029899597168,0.08294655382633209,0.7857717275619507,-16.0401668548584,0.05000000074505806
700,29.40158462524414,0.0805094987154007,2.0754752159118652,-16.033231735229492,0.05000000074505806
710,29.12824058532715,0.09014065563678741,2.1007742881774902,-16.342857360839844,0.05000000074505806
720,28.751440048217773,0.08218690752983093,3.3714678287506104,-16.149478912353516,0.05000000074505806
730,29.440921783447266,0.0849434956908226,3.2142715454101562,-15.57217788696289,0.05000000074505806
740,29.091915130615234,0.09356814622879028,1.7490053176879883,-15.891340255737305,0.05000000074505806
750,29.082841873168945,0.08315082639455795,0.8366715908050537,-15.917235374450684,0.05000000074505806
760,29.212800979614258,0.07702728360891342,1.0552785396575928,-15.713495254516602,0.05000000074505806
770,29.002544403076172,0.10208733379840851,5.451128005981445,-15.972755432128906,0.05000000074505806
780,29.40275764465332,0.09905620664358139,1.0589799880981445,-15.814760208129883,0.05000000074505806
790,29.329721450805664,0.08752964437007904,1.996772050857544,-15.847030639648438,0.05000000074505806
800,29.123241424560547,0.09208399057388306,2.32437801361084,-16.370555877685547,0.05000000074505806
810,29.30654525756836,0.0855470672249794,3.7969906330108643,-16.03826141357422,0.05000000074505806
820,28.706279754638672,0.08492553979158401,1.008015513420105,-15.4334716796875,0.05000000074505806
830,29.000547409057617,0.09290482848882675,1.0394043922424316,-17.028593063354492,0.05000000074505806
840,29.19243049621582,0.09210581332445145,1.6073951721191406,-15.234403610229492,0.05000000074505806
850,28.901744842529297,0.0844360813498497,1.0445810556411743,-16.37247085571289,0.05000000074505806
860,28.868724822998047,0.1016625389456749,1.3786308765411377,-15.660856246948242,0.05000000074505806
870,29.16940689086914,0.09209956228733063,1.6233229637145996,-15.254404067993164,0.05000000074505806
880,29.153825759887695,0.09198395162820816,1.5954246520996094,-15.745075225830078,0.05000000074505806
890,28.487560272216797,0.11296924948692322,1.781268835067749,-15.48646068572998,0.05000000074505806
900,29.0380859375,0.10021113604307175,1.8685429096221924,-15.51362419128418,0.05000000074505806
910,28.719499588012695,0.10209321975708008,2.6962087154388428,-15.549773216247559,0.05000000074505806
920,29.241291046142578,0.08142758160829544,2.911585569381714,-15.034955024719238,0.05000000074505806
930,29.049083709716797,0.09541477262973785,2.16538405418396,-15.538397789001465,0.05000000074505806
940,28.97869110107422,0.10519574582576752,0.8682661056518555,-15.171547889709473,0.05000000074505806
950,29.051992416381836,0.09917151927947998,3.5527806282043457,-14.608274459838867,0.05000000074505806
960,29.073497772216797,0.09016690403223038,1.0541319847106934,-15.68455696105957,0.05000000074505806
970,28.943313598632812,0.09855221211910248,2.6219115257263184,-15.200864791870117,0.05000000074505806
980,29.080276489257812,0.07210434228181839,0.9582363963127136,-14.147357940673828,0.05000000074505806
990,28.85588836669922,0.0855981856584549,0.9791876077651978,-14.291013717651367,0.05000000074505806
1000,29.236042022705078,0.08921829611063004,1.347116231918335,-14.338483810424805,0.05000000074505806
